company_name,company_number,company_status,company_type,dissolution_date,incorporation_date,nature_of_business,registered_office_address
PETERBOROUGH HOUSE LTD,13846369,Active,Private limited company,,13/01/2022,68320,Yoden House 30 Yoden Way Peterlee SR8 1AL
BUDDY HOLLY PRODUCTIONS LIMITED,13845625,Active,Private limited company,,13/01/2022,90010 90030,Winnington House 2 Woodberry Grove Finchley London N12 0DR
RAEBURN AND CAMPBELL LTD,SC719744,Active,Private limited company,,13/01/2022,81229,Windylaws Edinburgh Road Peebles EH45 8PJ
CORDIANT RENEWABLES INVESTMENT MANAGEMENT LLP,OC440634,Active,Limited liability partnership,,13/01/2022, ,Windsor House Station Court Station Road Great Shelford Cambridge CB22 5NE
ENVIVO HEAD OFFICE NO1 LIMITED,13845767,Active,Private limited company,,13/01/2022,70100,Windsor House Bayshill Road Cheltenham GL50 3AT
BANGOR UNITED LIMITED,13846966,Active,Private limited company,,13/01/2022,56102,Windsor House 9-15 Adelaide Street Luton LU15BJ
MANOR PARK ALLURE LTD,SC719707,Active,Private limited company,,13/01/2022,68100,Westburn House Mcnee Road Prestwick KA9 2PB
AULGIRTH (B) ALLURE LTD,SC719748,Active,Private limited company,,13/01/2022,68100,Westburn House Mcnee Road Prestwick KA9 2PB
CITICORP DEVELOPMENTS LTD,13846097,Active,Private limited company,,13/01/2022,68209,Vistastar House 54-56 Uxbridge Road Hanwell London W7 3SU
BIRMINGHAM BANGLA MELA LTD,13845874,Active,Private limited by guarantee without share capital,,13/01/2022,96090,View Villa Community Centre Park Lane Aston Birmingham B6 5DE
F&P ESTATES LTD,13846797,Active,Private limited company,,13/01/2022,68100,Verto 120 Kings Road Flat 1601 Reading RG1 3FS
V&C EQUESTRIAN LTD,SC719715,Active,Private limited by guarantee without share capital,,13/01/2022,1430,V&C Equestrian Lymphoy Road Kirkgate Currie EH14 6AN
HELMED VENTURES LTD,13846611,Active,Private limited company,,13/01/2022,73110,Unit A1-A4 Brett Street  Business Park Brett Street Bridlington YO16 4LQ
SUFFOLK HOSPITALITY (HOLDINGS) LTD,13845958,Active,Private limited company,,13/01/2022,70100,Unit 9 Byford Court Crockatt Road Hadleigh Ipswich IP7 6RD
CHOICE ESTATE AGENCY LIMITED,13846678,Active,Private limited company,,13/01/2022,68310,Unit 5i-5j Nobel Road London N18 3BH
ABELONNE LIMITED,13846971,Active,Private limited company,,13/01/2022,68100 68209,Unit 4 Valley Park Watermills Road Newcastle ST5 6AT
MARKDEN HOMES CONSTRUCTION LIMITED,13846541,Active,Private limited company,,13/01/2022,41100,Unit 3 Birchwood One Business Park Dewhurst Road Birchwood Warrington WA3 7GB
ALL FOR TRADING LTD,13846799,Active,Private limited company,,13/01/2022,47990,Unit 26e Commerce House 52-54 Derby Street Manchester M8 8HF
CATHEDRAL BLINDS LINCOLN LIMITED,13847584,Active,Private limited company,,13/01/2022,46160,Unit 19 Stirlin Business Park 185 Sadler Road Lincoln LN6 3AF
TUFF FIT LTD,13846924,Active,Private limited company,,13/01/2022,32300,"Unit 13 Freeland Park, Wareham Road, Lytechett House Poole BH16 6FA"
INDUS PROCESS LTD,13845852,Active,Private limited company,,13/01/2022,47990,Unit 13 Freeland Park Wareham Road Lytchett Matravers Poole BH16 6FA
BECKS STORAGE LTD,13845725,Active,Private limited company,,13/01/2022,68209,"Unit 12b, Hall Farm Martham Road Rollesby Great Yarmouth NR29 5DR"
NE TOOL HIRE LTD,13846716,Active,Private limited company,,13/01/2022,77320,Unit 12 Quay Level St. Peters Wharf Newcastle Upon Tyne NE6 1TZ
JSB NORTHWEST LTD,13846317,Active,Private limited company,,13/01/2022,13921,Unit 11 Adhan Trading Estate Temple Drive Blackburn BB1 1NL
VIBRANT HEARING LTD,13846085,Active,Private limited company,,13/01/2022,86900,"Unit 10 Rake House Farm, Rake Lane North Shields Tyne And Wear NE29 8EQ"
THL WRAXALL LTD,13845699,Active,Private limited company,,13/01/2022,41100,"Unit 1, The Arcade 69 High Street Nailsea BS48 1AW"
ROBOT FLOOR SYSTEMS LTD,13846255,Active,Private limited company,,13/01/2022,43999,Unit 1 Stour Vale Road Stourbridge DY9 8PP
URBANITE (SHEFF) LIVING LIMITED,13847596,Active,Private limited company,,13/01/2022,68209,Unit 1 Park Court 42 Park Cross Street Leeds LS1 2QH
FARM SAFE CONSULTING LTD,13846041,Active,Private limited company,,13/01/2022,70229,"Tuckers Country Store, Commercial Road Crediton EX17 1ER"
TIPTOE PROJECTS LTD,13846694,Active,Private limited company,,13/01/2022,68100 68209 68320,"Tiptoe Farm, Vaggs Lane Hordle Lymington SO41 0FD"
GMPM INVESTMENTS LIMITED,13846058,Active,Private limited company,,13/01/2022,64999,Third Floor Two Colton Square Leicester LE1 1QH
HONEYBEE BIOTECHNOLOGIES LTD,13845854,Active,Private limited company,,13/01/2022,72110,Third Floor 104-108 Oxford Street London W1D 1LP
C1760 LTD,13846175,Active,Private limited company,,13/01/2022,90040,Third Floor 104-108 Oxford Street London W1D 1LP
THE ROOK RETREAT LTD,13846057,Active,Private limited company,,13/01/2022,68209,The Rook Rackham Road Amberley Arundel BN18 9NT
ABOVE ZERO LANDSCAPE ARCHITECTURE LTD,13845648,Active,Private limited company,,13/01/2022,71112,The Post Office Kelsall Road Ashton Chester CH3 8BH
K.B. PROTECH LIMITED,13846184,Active,Private limited company,,13/01/2022,77320,The Old Workshop 1 Ecclesall Road South Sheffield S11 9PA
AAMIKAHHI LIMITED,13847266,Active,Private limited company,,13/01/2022,68100 68209,The Old Court House New Road Avenue Chatham Kent ME4 6BE
SYNKRONIZED LTD,13846368,Active,Private limited company,,13/01/2022,82990,The Old Bakehouse Dove Walk Uttoxeter ST14 8EH
MAYTREE PLACE (SHADOXHURST) MAN CO LIMITED,13845737,Active,Private limited by guarantee without share capital,,13/01/2022,98000,The Estate Office The Estate Office Ct18 8fa Etchinghill CT18 8FA
BUSINESS DEVELOPMENT AND PROJECT MANAGEMENT LIMITED,13846954,Active,Private limited company,,13/01/2022,41202,The Business Terrace King Street Maidstone ME15 6AW
ACE BRAND COMPANY LTD,13847417,Active,Private limited company,,13/01/2022,47910,"The Account Box, The Media Centre 7 Northumberland Street Huddersfield HD1 1RL"
KEVIN JOHN PAYNE LTD,13847595,Active,Private limited company,,13/01/2022,81221,Sunnyside Box 1 31 Cloven Ends Langtoft Peterborough PE6 9LF
"HUATAI TRADING CO., LTD",13846851,Active,Private limited company,,13/01/2022,47910,Suite 510 162 Warwick Way London SW1V 4JE
SCHOMBERG INVESTMENTS LTD,NI684983,Active,Private limited company,,13/01/2022,41100,Suite 5 Ormeau House 91-97 Ormeau Road Belfast BT7 1SH
99PW LTD,13846864,Active,Private limited company,,13/01/2022,62012 73110,Suite 33 Prospect House Featherstall Road South Oldham OL9 6HT
STRATEGIC SEND SOLUTIONS LIMITED,13845830,Active,Private limited company,,13/01/2022,70229,Suite 3 St James Business Centre Wilderspool Causeway Warrington WA4 6PS
FLOPAY INTERNATIONAL LTD,13846585,Active,Private limited company,,13/01/2022,47990 64999,Suite 3 Peel House 30 The Downs Altrincham WA14 2PX
THE PLATFORM DAO LIMITED,13847620,Active,Private limited by guarantee without share capital,,13/01/2022,46180 47910,Suite 18 Ealing House 33 Hanger Lane London W5 3HJ
CARBON BLANC LTD,13845734,Active,Private limited company,,13/01/2022,47910,"Suite 1075 Unit 3a,34-35 Hatton Garden,Holborn Holborn London EC1N 8DX"
UK FLIGHT INC LTD,13847522,Active,Private limited company,,13/01/2022,47990,"Suite #D395275 68 Tanners Drive Blakelands, Mk MK14 5BP"
SHORTIEBULLZ 24HR PET RESPONSE LIMITED,13846811,Active,Private limited company,,13/01/2022,99999,Studio 210 134-146 Curtain Road London EC2A 3AR
3RD EYE SECURITY LIMITED,13845692,Active,Private limited company,,13/01/2022,80100,Studio 210 134-146 Curtain Road London EC2A 3AR
BEYOND PLUMBING AND HEATING SOLUTIONS LIMITED,13845802,Active,Private limited company,,13/01/2022,35230,Studio 210 134-146 Curtain Road London EC2A 3AR
VVS HALLEFORS LIMITED,13846054,Active,Private limited company,,13/01/2022,99999,"Stron Legal, The Clubhouse St James 8 St James's Square, St James's London SW1Y 4JU"
EASILEASE LIMITED,13845691,Active,Private limited company,,13/01/2022,77110,Street House Farm Little Holtby Northallerton DL7 9LN
LANCASHIRE BUSINESS ANALYTICS LTD,13847612,Active,Private limited company,,13/01/2022,82990,Strawberry Fields Digital Hub Euxton Lane Chorley PR7 1PS
KALEL GROUP LTD,13846862,Active,Private limited company,,13/01/2022,68100 68201 68320,Stirling House Stanley Avenue Beckenham London BR3 6PX
KIERAN GABRIEL PRINTS LIMITED,13845765,Active,Private limited company,,13/01/2022,18129 90030,Steward House 14 Commercial Way Woking GU21 6ET
LIZZIELANE LIMITED,13846972,Active,Private limited company,,13/01/2022,47710 47910,St. Johns Church Calder Street Greetland Halifax HX4 8AQ
SPROPERTYS GROUP LTD,SC719737,Active,Private limited company,,13/01/2022,43999,"Sps Group, 12, Marlin House Heatherhouse Road Irvine KA12 8HQ"
GEORGALLIS FAMILY HOLDINGS LIMITED,13847464,Active,Private limited company,,13/01/2022,68100,Solar House 282 Chase Road London N14 6NZ
INTELLIGENT DATA ADVISORY LIMITED,13845845,Active,Private limited company,,13/01/2022,70229,"Saffery Champness Llp 4th Floor St Catherine's Court Berkeley Place, Clifton Bristol BS8 1BQ"
GYROSCOPE LTD,SC719695,Active,Private limited company,,13/01/2022,71122,Romanno House Farm Romanno House Farm West Linton EH46 7BY
RISE CAFE GROUP LTD,13846812,Active,Private limited company,,13/01/2022,64209,Rise. 15 Miller Arcade Preston PR1 2QY
CHISWICK CONTRACTS LTD,13845975,Active,Private limited company,,13/01/2022,41100 41202,Riley House 183-185 North Road Preston PR1 1YQ
DRAGON RUN FILM LTD,13846328,Active,Private limited company,,13/01/2022,59111,"Rhj Accountants Ltd, 99 Parkway Avenue Sheffield S9 4WG"
WOODLAND SERVICES UK. LTD,13846398,Active,Private limited company,,13/01/2022,81300,Rew Cottage Abinger Lane Abinger Common Dorking RH6 6HZ
LR CARDINGTON GP LIMITED,13847336,Active,Private limited company,,13/01/2022,64209,"Quadrant House Floor 6, 4 Thomas More Square London E1W 1YW"
VIRTUAL 360 LTD,13845871,Active,Private limited company,,13/01/2022,74202,"Profile West 950 Great West Road Suite 2, First Floor Brentford TW8 9ES"
PREMIUM PROPERTY EXPERTS LTD,13847412,Active,Private limited company,,13/01/2022,68310,"Premium Property Experts Orega, First Floor, 20 Chapel Street Liverpool L3 9AG"
CALLEVA HOMES (BISHOPS) LTD,13846375,Active,Private limited company,,13/01/2022,41100,Pound Court Pound Street Newbury RG14 6AA
OOR LTD,13845759,Active,Private limited company,,13/01/2022,68100 68209,Oor Ltd Branston Court Birmingham B18 6BA
OAKERS HILL LIMITED,13846099,Active,Private limited company,,13/01/2022,64303,Old Letton Court Letton Hereford HR3 6DT
GAUVINNET LTD,13846393,Active,Private limited company,,13/01/2022,61200 61900 63110 63120,Office 4 219 Kensington High Street Kensington W8 6BD
NUHEARA (UK) LTD,13847028,Active,Private limited company,,13/01/2022,26400,Office 32 19-21 Crawford Street London W1H 1PJ
ASTON HIRE LIMITED,13847618,Active,Private limited company,,13/01/2022,77110,"Office 3, Rear Mews 24-26 Station Road Shirehampton Bristol BS11 9TX"
SKILHIL RECRUITMENT LTD LIMITED,13845768,Active,Private limited company,,13/01/2022,78109,Office 2289 182-184 High Street North East Ham London E6 2JA
IDEAS2SHOP LTD,13845701,Active,Private limited company,,13/01/2022,47910,Office 2281 182-184 High Street North East Ham London E6 2JA
TERA PROPERTY GROUP LTD,13847114,Active,Private limited company,,13/01/2022,68310,"Office 13, 38 Sunbridge Road Bradford BD1 2DZ"
PARSONS ACCOUNTANTS YORK LTD,13847410,Active,Private limited company,,13/01/2022,69201,No.2 Silkwood Office Park Fryers Way Wakefield WF5 9TJ
PEEK ESTATES LTD,13845846,Active,Private limited company,,13/01/2022,64304,Moorefield House Pampisford Road Abington Cambridge CB21 6AH
GODIGITAL PROMOTIONS LIMITED,13846100,Active,Private limited company,,13/01/2022,62020,Monomark House 27 Old Gloucester Street London WC1N 3AX
MODULYSS UK LIMITED,13846074,Active,Private limited company,,13/01/2022,13931 46160 46410 46470,Mazars Llp The Pinnacle 160 Midsummer Boulevard Milton Keynes MK9 1FF
PUBLICSERVICEMATTERS LIMITED,13847316,Active,Private limited company,,13/01/2022,86900,Magnolia House Spring Villa Park 11 Spring Villa Road Edgware HA8 7EB
HIGHER&HIGHER LTD,13847613,Active,Private limited company,,13/01/2022,62020,"Magnolia Cottage Pound Lane, Docking King's Lynn PE31 8LP"
AI STACK LIMITED,13847540,Active,Private limited company,,13/01/2022,47990,Lytchett House 13 Freeland Park Wareham Road Poole BH16 6FA
LYTHAM RECYCLING LTD,13847505,Active,Private limited company,,13/01/2022,39000,Layton House 3-5 Westcliffe Drive Blackpool FY3 7BJ
STK INTERNATIONAL LTD,13847282,Active,Private limited company,,13/01/2022,62020 62090 63110 82990,Kemp House 160 City Road London EC1V 2NX
PRIMA ARINDA LTD,13847321,Active,Private limited company,,13/01/2022,96090,Kemp House 160 City Road London EC1V 2NX
CLEAN ACCESS LTD,13846798,Active,Private limited company,,13/01/2022,81210,Kemp House 160 City Road London EC1V 2NX
TRIVOLI LIMITED,13846292,Active,Private limited company,,13/01/2022,43210 45112 46341 47190,Kemp House 160 City Road London EC1V 2NX
AFORME LTD,13845685,Active,Private limited company,,13/01/2022,47910,Kemp House 160 City Road London EC1V 2NX
ARIAVA LTD,13845834,Active,Private limited company,,13/01/2022,46190 46900 47190 47910,Kemp House 160 City Road London EC1V 2NX
DMI - DIGITAL MARKETING AGENCY LTD,13846045,Active,Private limited company,,13/01/2022,73110,Kemp House 160 City Road London EC1V 2NX
JERCEY LTD,13845707,Active,Private limited company,,13/01/2022,64305,Kemp House 160 City Road London EC1V 2NX
IRTZA & IMITED LTD,13846051,Active,Private limited company,,13/01/2022,47990,Kemp House 152-160 City Road London EC1V 2NX
SINEKIT LTD,13845937,Active,Private limited company,,13/01/2022,47910,Kemp House 152 - 160 City Road London EC1V 2NX
TECHNICAL PROJECT SERVICES LTD,13846990,Active,Private limited company,,13/01/2022,71122,Jubilee House East Beach Lytham St.Annes FY8 5FT
WENDY HOMES LTD,SC719699,Active,Private limited company,,13/01/2022,55100,Islabank Auchterarder Perthshire PH3 1DR
24HAYMARKET (KCP NOMINEES) LIMITED,13847055,Active,Private limited company,,13/01/2022,82990,Hyde Park House 5 Manfred Road London SW15 2RS
PURE HANDS ON LTD,13846043,Active,Private limited company,,13/01/2022,86900,Heatherstone Lodge Banbury Road Buckingham MK18 4AJ
QUOVADIS DEVELOPMENTS LTD,13847061,Active,Private limited company,,13/01/2022,41100,Harwood House Harwood House New Road Bristol BS37 7QH
WALKER PAYNE LOGISTICS LIMITED,13845628,Active,Private limited company,,13/01/2022,49410,Grove Farm Chewton Mendip Radstock BA3 4NZ
RUMMY LONDON LIMITED,13845735,Active,Private limited company,,13/01/2022,47910,Flat 9 43-57 Peterborough Road London SW6 3BT
GOTOHOME LTD,13847484,Active,Private limited company,,13/01/2022,47599,"Flat 80 , Bryant, Perceval Square College Road Harrow HA1 1GY"
BLUE FOX PARTNERS LP,LP022320,Active,Limited partnership,,13/01/2022, ,Flat 8 Gransden House 115 Park Road Crouch End London N8 8JN
WOW LABORATORIES LTD,13846734,Active,Private limited company,,13/01/2022,62012 62020 63110 72110,Flat 66 Mayford Oakley Square London NW1 1NY
THE CONSCIOUS AI LTD,13846674,Active,Private limited company,,13/01/2022,72190,Flat 63 Constable House Cassilis Road London E14 9LH
NEETEX LTD,13845621,Active,Private limited company,,13/01/2022,47910,Flat 5 16 Rothsay Road Bedford MK40 3PN
BESPOKE CHANGE CONSULTING LTD,13846395,Active,Private limited company,,13/01/2022,70229,Flat 2306 One Casson Square London SE1 7EN
INTU-ME-CI LIMITED,13846795,Active,Private limited by guarantee without share capital,,13/01/2022,96040,Flat 22 David House 45 High Street London SE25 6HJ
H NAIM PROPERTIES LIMITED,SC719667,Active,Private limited company,,13/01/2022,68100,Flat 2/3 76 Barrland Street Glasgow G41 1RE
1V LTD,13845703,Active,Private limited company,,13/01/2022,47710,Flat 2 Alfred Salter House Longfield Estate London SE1 5PS
LUCIE AVENELL AESTHETICS LTD,13845751,Active,Private limited company,,13/01/2022,96020,Flat 2 64 High Street Marlow SL7 1AH
WEST FOOD DISTRIBUTION LTD,13846879,Active,Private limited company,,13/01/2022,46360,Flat 16 Speedwell House Hillmeads Road Birmingham B38 9NN
PATTS PUBLISHING LIMITED,13847558,Active,Private limited company,,13/01/2022,58110 58190,Flat 13 Long Gables 10 South Park Gerrards Cross SL9 8HE
SCRL EBAC LTD,13846172,Active,Private limited company,,13/01/2022,49410,Flat 1 12 Connaught Place London W2 2ET
FIRST STONE PROPERTY LTD,13846116,Active,Private limited company,,13/01/2022,41100 68100 87200 98000,First Floor Flat Ardmore House 1 Lower Camden Chislehurst BR7 5HY
PSTA LIMITED,13846992,Active,Private limited company,,13/01/2022,86210,First Floor 49 Peter Street Manchester M2 3NG
BEYOND BEER LTD,13846254,Active,Private limited company,,13/01/2022,56101,First Floor 244 Edgware Road London W2 1DS
C & J CONTROL SERVICES LTD,SC719722,Active,Private limited company,,13/01/2022,1700,First Floor 24 Blythswood Square Glasgow G2 4BG
METROLAND 380 LTD,13847606,Active,Private limited company,,13/01/2022,68209,First Floor 10 Hampden Square Southgate London N14 5JR
PHILLIPS HEATING & PLUMBING LIMITED,13845926,Active,Private limited company,,13/01/2022,43220,Faveo House 2 Somerville Court Banbury Business Park Adderbury OX17 3SN
EVENTS 365 LIMITED,13847030,Active,Private limited company,,13/01/2022,56210,Enterprise House Ocean Way Southampton SO14 3XB
A RAE LTD,13847605,Active,Private limited company,,13/01/2022,42990 77320,Egerton House 55 Hoole Road Chester CH2 3NJ
GB99 LTD,SC719755,Active,Private limited company,,13/01/2022,68100 68201 68209 68320,"Day Today Express, 53 High Street Glasgow G1 1LX"
D & L PROPERTY GROUP LTD,13846394,Active,Private limited company,,13/01/2022,68209,Collingwood Buildings 38 Collingwood Street Newcastle Upon Tyne NE1 1JF
TYNE TEES EPC LTD,13846262,Active,Private limited company,,13/01/2022,74901,Collingwood Buildings 38 Collingwood Street Newcastle NE1 1JF
PRINCIPALS CONSULTING LIMITED,13846381,Active,Private limited company,,13/01/2022,70229,Church Farm Main Street Willey Rugby CV23 0SH
ECOINOMY LTD,13847478,Active,Private limited company,,13/01/2022,62090,Chantry House 10a High Street Billericay CM12 9BQ
ASHTON NOVELLA LTD,13845986,Active,Private limited company,,13/01/2022,32500,Challenge House Somerton & Co 616 Mitcham Road Croydon CR0 3AA
SEATS GROUP LIMITED,13845953,Active,Private limited company,,13/01/2022,49320,Chad Cottage Buttermilk Lane Churchdown Gloucester GL3 2JA
MHEDGES CONSULTING LTD,13845635,Active,Private limited company,,13/01/2022,70229,Carpenter Court 1 Maple Road Bramhall Stockport SK7 2DH
MB PROPERTY GROUP LTD,13847307,Active,Private limited company,,13/01/2022,68209,Cambridge House 27 Cambridge Park Wanstead E11 2PU
DUMBLEDORE VETS LIMITED,13847304,Active,Private limited company,,13/01/2022,75000,Calyx House South Road Taunton TA1 3DU
VARCO ACQUISITION COMPANY LTD,13847510,Active,Private limited company,,13/01/2022,96090,"C/O Watson Farley & Williams Llp, 15 Appold Street London EC2A 2HB"
SOLUTIONS FOCUSED COACHING LTD,13845927,Active,Private limited company,,13/01/2022,94120,"C/O Parkins Accountants Moor Park House, Bawtry Road Rotherham S66 2BL"
32 WESTBY ROAD (FREEHOLD) LIMITED,13845982,Active,Private limited company,,13/01/2022,98000,C/O Ellis Jones Solicitors Llp 302 Charminster Road Bournemouth BH8 9RU
MINI MOXONS CIC,13845757,Active,Private limited by guarantee without share capital,,13/01/2022,1430,"C/O Does Liverpool 1st Floor, The Tapestry 68-76 Kempston Street Liverpool L3 8HL"
A & F ENTERPRISES GROUP LTD,13846062,Active,Private limited company,,13/01/2022,64209,C/O Ams Corporate Floor 2 9 Portland Street Manchester M1 3BE
P&C LEYTON LIMITED,13847131,Active,Private limited company,,13/01/2022,56102,"C/O  Tax Experts.London, 100 Palmerston Road London E17 6PZ"
POOLIE TIME ECO CIC,13845967,Active,Private limited by guarantee without share capital,,13/01/2022,88990,Burbank Community Centre Burbank Street Hartlepool TS24 7LA
PMKB PROPERTIES LIMITED,13847626,Active,Private limited company,,13/01/2022,68209,Brook House Moss Grove Kingswinford DY6 9HS
SMUDGED LTD,13847362,Active,Private limited company,,13/01/2022,73110 74100,Britannia House Caerphilly Business Park Van Road Caerphilly CF83 3GG
THRIVE SOCIAL LTD,13847607,Active,Private limited company,,13/01/2022,88990,Bramhall House 14 Ack Lane East Bramhall Stockport SK7 2BY
EMPTY SPACES STUDIO LTD,13847420,Active,Private limited company,,13/01/2022,74100,Apartment 104 Horizons Tower 1 Yabsley Street London E14 9RG
ACCOUNTANT 4 ACCOUNTANTS LTD,13845669,Active,Private limited company,,13/01/2022,69201,Annexe G Oaktree House 408 Oakwood Lane Leeds LS8 3LG
NIBD DEVELOPMENTS LTD,13847427,Active,Private limited company,,13/01/2022,41100 68100 68209,Amber Court William Armstrong Drive Newcastle Business Park Newcastle Upon Tyne NE4 7YA
EXCELLENT SERVICES LONDON LTD,13846979,Active,Private limited company,,13/01/2022,78200,97 Green Street London E7 8JF
HRP PROPERTIES LTD,13845613,Active,Private limited company,,13/01/2022,68100 68209 68320,96 The Grove Marton-In-Cleveland Middlesbrough TS7 8AP
AZAD GROUP LIMITED,13847459,Active,Private limited company,,13/01/2022,56290,96 The Fairway Banbury OX16 0RB
INTEGRITY ASSETS LTD,13847267,Active,Private limited company,,13/01/2022,66300,95 Tabernacle Street London EC2A 4BA
MK PARTS SUPPLIER LTD,13847082,Active,Private limited company,,13/01/2022,45320,95 Lowdell Close Yiewsley West Drayton UB7 8BA
LIVE INNOVATION LTD,13845761,Active,Private limited company,,13/01/2022,62030 68310 73200,95 High Street Office B Great Missenden HP16 0AL
CHEAP HOTEL SKATE SHOP LIMITED,13847431,Active,Private limited company,,13/01/2022,47640,93 Kimberley Avenue London SE15 3XD
AEGON SOLUTIONS LTD,13847295,Active,Private limited company,,13/01/2022,62020 70229 82990,9 Norton Avenue Plymouth PL4 7PE
MAJESTIC SBP LIMITED,13845661,Active,Private limited company,,13/01/2022,64203,9 Lichfield Street Wolverhampton WV1 1EA
BEBE CAMION LTD,13846969,Active,Private limited company,,13/01/2022,52103,9 Jubilee Avenue Normanton WF6 1DW
HANDY4CANDY LIMITED,13847453,Active,Private limited company,,13/01/2022,56103,9 Denbigh Road Tunbridge Wells TN4 9HS
THE PRU C ACC LTD,13847048,Active,Private limited company,,13/01/2022,96090,88 Tredegar Road London E3 2EP
ISIDOR REPAIRS LIMITED,13847272,Active,Private limited company,,13/01/2022,33190,88 Drapers Fields Coventry CV1 4RD
JACKCO GROUP INTERNATIONAL LIMITED,13847081,Active,Private limited company,,13/01/2022,47910 62090,86-90 Paul Street London EC2A 4NE
RSHELLE LTD,13847063,Active,Private limited company,,13/01/2022,47770,86-90 Paul Street London EC2A 4NE
SRS SALES LTD,13846198,Active,Private limited company,,13/01/2022,47910,86-90 Paul Street London EC2A 4NE
M@M HANDYMAN AND BRICKWORK SERVICES LIMITED,13846205,Active,Private limited company,,13/01/2022,23320,86-90 Paul Street London EC2A 4NE
CUTS HEAL LIMITED,13846187,Active,Private limited company,,13/01/2022,47910,86-90 Paul Street London EC2A 4NE
MOBIUS INC. LIMITED,13845709,Active,Private limited company,,13/01/2022,74901,86-90 Paul Street 3rd Floor London EC2A 4NE
PERFECT FIT SECURITY LIMITED,13846934,Active,Private limited company,,13/01/2022,80100,83 High Street Chalvey Slough SL1 2TW
GLOW TRAINING LTD,13846740,Active,Private limited company,,13/01/2022,82990,82 Rucklers Lane Kings Langley WD4 8AY
PAPAG CLEANING SERVICES LTD,13846303,Active,Private limited company,,13/01/2022,81210 81221 81222,8 The Broadway Woking GU21 5AP
SQUARED SOURCING LTD,13845800,Active,Private limited company,,13/01/2022,68209 68310 68320,8 Stirling Wood Close Huddersfield HD3 3HT
SIMPLE START FASHION LTD,13845741,Active,Private limited company,,13/01/2022,47710,8 Spur Road Cosham Portsmouth PO6 3EB
ALL ABOUT MUGS LTD,13847313,Active,Private limited company,,13/01/2022,47910,8 Pansy Street Kirkdale Liverpool L5 7RS
OLIVIA LTD,13846530,Active,Private limited company,,13/01/2022,98000,8 Evington Flats 2 Cadogan Road Cromer NR27 9HT
LYMAN MCCLUREY DEVELOPMENTS LTD,13846921,Active,Private limited company,,13/01/2022,41100,8 Bluebell Walk Witham St. Hughs Lincoln LN6 9WN
ADMIN HQ LTD,13846717,Active,Private limited company,,13/01/2022,82110 82190,8 Abbey Green Bath BA1 1NW
ZIZI FOODS LTD,13847269,Active,Private limited company,,13/01/2022,56102,793 London Road Hounslow TW3 1RS
ELLIESCAFE22 LTD,13847346,Active,Private limited company,,13/01/2022,56102,77 Lisburn Lane Liverpool L13 9AF
PEARL RENEWABLE LTD,13846830,Active,Private limited company,,13/01/2022,38220,74a High Street Wanstead London E11 2RJ
SHORE GROUP LTD,13846761,Active,Private limited company,,13/01/2022,41100,73a Fore Street Chudleigh Newton Abbot TQ13 0HT
WOKE BEAR CONSULT LIMITED,13846107,Active,Private limited company,,13/01/2022,70229,724 Oldham Road Failsworth Manchester M35 9FD
LOTUS HOMES DECOR LTD,13847473,Active,Private limited company,,13/01/2022,47190,72 The Manor Drive Worcester Park KT4 7LL
SANDY PAD'S LTD,13846948,Active,Private limited company,,13/01/2022,98000,72 Queen Street Rhyl LL18 1SB
FEHER W LIMITED,13847166,Active,Private limited company,,13/01/2022,64305,72 Beaumaris Way Grove Park Blackwood NP12 1DE
LOSREX LTD,13846431,Active,Private limited company,,13/01/2022,46180 46760,71-75 Shelton Street Covent Garden London WC2H 9JQ
INFINITY WAREHOUSING & LOGISTICS LTD,13847257,Active,Private limited company,,13/01/2022,52103 52243,71-75 Shelton Street Covent Garden London WC2H 9JQ
TRANS 2000 LIMITED,13847319,Active,Private limited company,,13/01/2022,49410,71-75 Shelton Street Covent Garden London WC2H 9JQ
CAGMILITARIA LTD,13846565,Active,Private limited company,,13/01/2022,47791 47799,71-75 Shelton Street Covent Garden London WC2H 9JQ
NARROWBRIDGE LIMITED,13846567,Active,Private limited company,,13/01/2022,64303 69109 70229 74909,71-75 Shelton Street Covent Garden London WC2H 9JQ
TICS TECHNOLOGY LIMITED,13846816,Active,Private limited company,,13/01/2022,27510 27520 46439 46900,71-75 Shelton Street Covent Garden London WC2H 9JQ
ATAKTON LTD,13847610,Active,Private limited company,,13/01/2022,62020 70229 74100 90030,71-75 Shelton Street Covent Garden London WC2H 9JQ
BGD TECHNOLOGIES (UK) LIMITED,13846263,Active,Private limited company,,13/01/2022,47190 47910 47990,71-75 Shelton Street Covent Garden London WC2H 9JQ
HSAR LIMITED,13845639,Active,Private limited company,,13/01/2022,47910,71-75 Shelton Street Covent Garden London WC2H 9JQ
MOUAD LTD,13845828,Active,Private limited company,,13/01/2022,47710,71-75 Shelton Street Covent Garden London WC2H 9JQ
CYBERNITE TECHNOLOGIES LTD,13845831,Active,Private limited company,,13/01/2022,62012 62020 62090 63110,71-75 Shelton Street Covent Garden London WC2H 9JQ
GLODIVE LTD,13845957,Active,Private limited company,,13/01/2022,62020 62090 74300 85590,71-75 Shelton Street Covent Garden London WC2H 9JQ
ARUTBA LTD,13845989,Active,Private limited company,,13/01/2022,64205 64301 64999 66110,71-75 Shelton Street Covent Garden London WC2H 9JQ
AION COMMUNICATIONS LTD,13846365,Active,Private limited company,,13/01/2022,61900,71-75 Shelton Street Covent Garden London WC2H 9JQ
ANIJIE GLOBAL LTD,13846367,Active,Private limited company,,13/01/2022,96090,71-75 Shelton Street Covent Garden London WC2H 9JQ
SEMPER EXCELSIUS LTD,13846366,Active,Private limited company,,13/01/2022,68100 68209,71-75 Shelton Street Covent Garden London WC2H 9JQ
ANALYTICR LTD,13846386,Active,Private limited company,,13/01/2022,96090,71-75 Shelton Street Covent Garden London WC2H 9JQ
MINIMALIST GOLF LTD,13846545,Active,Private limited company,,13/01/2022,96090,71-75 Shelton Street Covent Garden London WC2H 9JQ
VIRTUAL GREEN ENERGY LIMITED,13845711,Active,Private limited company,,13/01/2022,35110 47910,71-75 Shelton Street Covent Garden London WC2H 9JQ
BERNASHI LTD,13845868,Active,Private limited company,,13/01/2022,45400 46760 47990,71-75 Shelton Street Covent Garden London WC2H 9JQ
COMPLEX ADAPTIVE SOFTWARE SYSTEMS LTD,13845881,Active,Private limited company,,13/01/2022,58290 62011 62012 72190,71-75 Shelton Street Covent Garden London WC2H 9JQ
CHANGING LIVES SUPPORT LTD,13845879,Active,Private limited by guarantee without share capital,,13/01/2022,86900 88990,71-75 Shelton Street Covent Garden London WC2H 9JQ
ONE LOOKOUT LTD,13846068,Active,Private limited company,,13/01/2022,58110 58210 58290 62012,71-75 Shelton Street Covent Garden London WC2H 9JQ
INFINITE SOLUTIONS PARTNERS LTD,13846613,Active,Private limited company,,13/01/2022,64209,71-75 Shelton Street Covent Garden London WC2H 9JQ
MERITA LTD,13845680,Active,Private limited company,,13/01/2022,47190 47770 47990 62020,71-75 Shelton Street Covent Garden London WC2H 9JQ
LOSOMO STUDIO LIMITED,13845672,Active,Private limited company,,13/01/2022,96090,71-75 Shelton Street Covent Garden London WC2H 9JQ
ADMEP LTD,13845675,Active,Private limited company,,13/01/2022,62012 62020 62090,71-75 Shelton Street Covent Garden London WC2H 9JQ
NEXT STEP TECH SERVICES LTD,13845676,Active,Private limited company,,13/01/2022,62020 62090,71-75 Shelton Street Covent Garden London WC2H 9JQ
LOUISE READ AESTHETICS LIMITED,13845642,Active,Private limited company,,13/01/2022,86220,71 Queen Victoria Street London EC4V 4BE
TWAIZAMINING LTD,13847372,Active,Private limited company,,13/01/2022,64191,71 Eaton Square Belgravia London SW1W 9AS
WARECOM LTD,13847036,Active,Private limited company,,13/01/2022,93199,71 Coles Avenue Poole BH15 4HJ
EAST COAST FITNESS PT LTD,13847127,Active,Private limited company,,13/01/2022,96090,7 Queen Street Seaham SR7 7SR
J.W.T LETTINGS LTD,13846544,Active,Private limited company,,13/01/2022,68209,7 Greenoak Close Abram Wigan WN2 5XN
MELLIFEX LLP,OC440635,Active,Limited liability partnership,,13/01/2022, ,7 Bloom House 15 Alameda Place London E3 2ZN
OCTOPUS ENERGY DEVELOPMENT PARTNERSHIP GP LIMITED,13847317,Active,Private limited company,,13/01/2022,64209,6th Floor 33 Holborn London EC1N 2HT
OCTOPUS ENERGY DEVELOPMENT PARTNERSHIP LP LIMITED,13847551,Active,Private limited company,,13/01/2022,64209,6th Floor 33 Holborn London EC1N 2HT
LILIANA TRADING LIMITED,13846053,Active,Private limited company,,13/01/2022,81210,6a Star Street Stourbridge DY9 8TU
MARK HEALY LTD,NI684981,Active,Private limited company,,13/01/2022,78109,69 Waterfoot Park Londonderry BT47 6SX
OBED LTD,13846039,Active,Private limited company,,13/01/2022,87200 87300 88100 88990,66 Borrowdale Crescent Leeds LS12 2JD
IZOBILIE GPS LTD,13846113,Active,Private limited company,,13/01/2022,45310,65 London Wall London EC2M 5TU
FLY UP BUSINESS CONSULTANTS LIMITED,SC719694,Active,Private limited company,,13/01/2022,70229,64a Cumberland Street Edinburgh EH3 6RE
OASIS GUILD GAMES UK LIMITED,13847338,Active,Private limited company,,13/01/2022,96090,64 New Cavendish Street London W1G 8TB
CANTERBURY PROPERTY HOLDINGS LIMITED,13846801,Active,Private limited company,,13/01/2022,70100,64 Chestfield Road Chestfield Whitstable CT5 3JH
WORK IT MEDIA LIMITED,13846601,Active,Private limited company,,13/01/2022,73110,63-66 Hatton Garden London EC1N 8LE
IBSSA UK LTD,13846746,Active,Private limited company,,13/01/2022,70229 80100 81299 85600,63 Cherrycroft Skelmersdale WN8 9EG
ECHO WHOLESALE LTD,13846422,Active,Private limited company,,13/01/2022,46900,62 Millbrook Road London N9 7HX
J.WELLS ROOFING LTD,13847301,Active,Private limited company,,13/01/2022,43910,62 Highbridge Road Aylesbury HP217RY
COOKIE TIME LTD,13847389,Active,Private limited company,,13/01/2022,52290,60 Stoney Lane Wakefield WF4 3JR
CINEK HAULAGE LTD,13846159,Active,Private limited company,,13/01/2022,49410,60 Brushwood Avenue Flint CH6 5YG
BAAKLON LIMITED,13847353,Active,Private limited company,,13/01/2022,47710 47750 47910,6 Warren Close Broomfield Chelmsford CM1 7HP
GRH CLEARWAREHOUSE LIMITED,13846379,Active,Private limited company,,13/01/2022,52103,6 Perth House Priors Haw Road Corby NN17 5JG
RLG WAREHOUSELINK LIMITED,13846415,Active,Private limited company,,13/01/2022,52103,6 Perth House Priors Haw Road Corby NN17 5JG
R&DL LTD,13847364,Active,Private limited company,,13/01/2022,46900 56101,6 Penmaesglas Terrace Tonypandy CF40 1EB
BRIDGE SECURE LIMITED,13846562,Active,Private limited company,,13/01/2022,80100,6 Hopetown Street London E1 5LE
RSW HOUSING LIMITED,13846794,Active,Private limited company,,13/01/2022,43320,5a Saffron Road Wigston Leicester LE18 4TF
STOPHER TRANSPORT LTD,13846600,Active,Private limited company,,13/01/2022,49410,59 Lambs Lane Cottenham Cambridge CB24 8TB
MUNDO LUSITANO LIMITED,13845730,Active,Private limited company,,13/01/2022,56101 56290,59 Dassett Road London SE27 0UF
BASEPOINTS SERVICES LTD,13846872,Active,Private limited company,,13/01/2022,56210,58b-58d Brondesbury Villas London NW6 6AB
CROSTI CO LIMITED,13846917,Active,Private limited company,,13/01/2022,96090,58 Woodheys Drive Sale M33 4JD
GP TEREACA LTD,13846940,Active,Private limited company,,13/01/2022,42130,58 Lansdowne Grove Wigston LE18 4LW
LAURENTIU SALES LTD,13847571,Active,Private limited company,,13/01/2022,45112,58 Fitzherbert Street Warrington WA2 7PN
BAY DESIGN AND BUILD LTD,13847350,Active,Private limited company,,13/01/2022,41202,57 Park Parade London NW10 4JB
RORO FOOD LIMITED,13847520,Active,Private limited company,,13/01/2022,56290,57 Montague Avenue Southampton SO19 0QB
NAJ ROOFING LTD,13846556,Active,Private limited company,,13/01/2022,43910,57 Ashbourne Road Derby DE22 3FS
PEGASUS LOUNGE LIMITED,13847624,Active,Private limited company,,13/01/2022,79110,56 Buckingham Gate London SW1E 6AE
NUHASH LONDON LTD,13846265,Active,Private limited company,,13/01/2022,56210 56290,550 Barking Road Plaistow London E13 9JU
INFINITY SQUARE CONSULTING LIMITED,13846086,Active,Private limited company,,13/01/2022,66190 70221,54 The Limes Avenue London N11 1RH
KLADIMA LIMITED,13846834,Active,Private limited company,,13/01/2022,68209,52 Walesby Drive Kirkby-In-Ashfield Nottingham NG17 7PF
X R DECORATING LTD,13847432,Active,Private limited company,,13/01/2022,43341,51b Guanock Terrace Kings Lynn PE305QT
NEW WORLD (SWADLINCOTE) LTD,13846102,Active,Private limited company,,13/01/2022,56103,51 Main Street Newhall Swadlincote DE11 0TW
SYNERGY R SPECIALISTS LTD,SC719763,Active,Private limited company,,13/01/2022,70229,505 Great Western Road Glasgow G12 8HN
PAVE THE WAY CARE LTD,13846182,Active,Private limited by guarantee without share capital,,13/01/2022,87900,50 Shirley Park Road Croydon CR0 7EU
TSS TRANSPORT LTD,13845858,Active,Private limited company,,13/01/2022,49410,50 Salop Road Oldbury B68 9AB
TOP MIX OXFORD LTD,13846829,Active,Private limited company,,13/01/2022,41100,5 Thorpes Field Alvescot Bampton OX18 2QF
L D & SONS CONSTRUCTION LIMITED,13846713,Active,Private limited company,,13/01/2022,43341,5 Theobald Court Theobald Street Borehamwood WD6 4RN
WATLOCK INVESTMENTS LIMITED,13847567,Active,Private limited company,,13/01/2022,68209,5 Prospect Place Millennium Way Pride Park Derby DE24 8HG
DARKTRANS LTD,13846675,Active,Private limited company,,13/01/2022,49410,5 Pashford Place Ipswich IP3 9UL
SUCCEED BUSINESS COACHING LIMITED,13846538,Active,Private limited company,,13/01/2022,70229,5 Palmerston Drive Wheathampstead St. Albans AL4 8FE
INDEPENDENT SOFTWARE LIMITED,13846429,Active,Private limited by guarantee without share capital,,13/01/2022,82990,5 New Street Square London EC4A 3TW
WHITEHOUSE SECURITY SERVICES LTD,13845933,Active,Private limited company,,13/01/2022,80100,5 Lynch Close Uxbridge UB8 2TG
VETERINARY ONCOLOGY SERVICES LTD,13847270,Active,Private limited company,,13/01/2022,75000,5 Greenhill Terrace Winchester SO22 5EB
KL PREMIUM CARE LIMITED,13847345,Active,Private limited company,,13/01/2022,87900,5 Giffard Court Millbrook Close Northampton NN5 5JF
CHI HEALTHCARE ENTERPRISES LIMITED,13845977,Active,Private limited company,,13/01/2022,87900 88100,5 Estcourt Road London SE25 4SE
BUHUS CLEANING LTD,13847534,Active,Private limited company,,13/01/2022,38110 81210 81299,5 Edensor Terrace Stoke-On-Trent ST3 2RE
EJ CROWD SAFETY AND EVENT MANAGEMENT LTD,13846088,Active,Private limited company,,13/01/2022,84240,5 Devonshire Close Sheffield S17 3NX
THE MINDSET BOX COMPANY LTD,13845609,Active,Private limited company,,13/01/2022,47910 47990,5 Bright Street Clitheroe BB7 1NW
VIRDI DESIGN AND BUILD ESSEX LTD,13846382,Active,Private limited company,,13/01/2022,41202 43120 43310 43330,497 High Road Ilford IG1 1TZ
HENBERK CONSTRUCTION & DEVELOPMENT LTD,13846686,Active,Private limited company,,13/01/2022,41201 41202,49 Eden Grove London N7 8EE
INSTA EUROPE LTD,13846242,Active,Private limited company,,13/01/2022,73110,483 Green Lanes London N13 4BS
GERBERA PRINT LTD,13847460,Active,Private limited company,,13/01/2022,47910,483 Green Lanes London N13 4BS
THE CORNER FLAG (HORNSEY ROAD) LTD,13846684,Active,Private limited company,,13/01/2022,56302,472 Hornsey Road London N19 4EF
HEWITT-HALLS LIMITED,13845784,Active,Private limited company,,13/01/2022,78200,47 Varley Street Derby DE24 8DE
CULVER SHADES LTD,13846208,Active,Private limited company,,13/01/2022,47710,47 Kepwick Road Leicester LE5 1NZ
ALBERT STREET SHOP LTD,SC719688,Active,Private limited company,,13/01/2022,47110,47 Castle Rise Wallyford EH21 8ES
MAKE POSITIVE STRIDES CIC,13847552,Active,Private limited by guarantee without share capital,,13/01/2022,93120 93199,46b Billington Road London SE14 5QQ
LANDRIC VERRIER LIMITED,13845952,Active,Private limited company,,13/01/2022,32120,46 Poplar Way Ilford IG6 1EN
LUXURIOUS DIRECT LIMITED,13847361,Active,Private limited company,,13/01/2022,47910,46 Dorrington Close Luton LU3 1XR
FRIMPS NATURALS LIMITED,13845884,Active,Private limited company,,13/01/2022,96090,46 Blithdale Road Abbeywood SE2 9HJ
COLOMBIA ROSE LTD,13845968,Active,Private limited company,,13/01/2022,56102,45 Belvoir Street Leicester LE1 6SL
NIBBLED BIRO LTD,13847440,Active,Private limited company,,13/01/2022,74909,44a Mora Road London NW2 6TG
MAREJOL LIMITED,13847597,Active,Private limited company,,13/01/2022,86101,44 Prestwood Drive Romford RM5 2SS
PROSEVA TAX & FINANCE LTD,13847137,Active,Private limited company,,13/01/2022,69201 69203,435 Stratford Road Shirley Solihull B90 4AA
MARIUSIKCONSTRUCT LTD,13845658,Active,Private limited company,,13/01/2022,41202,43 Southdrift Way Luton LU1 5PX
CAPITAL CARS ELMBRIDGE LTD,13845774,Active,Private limited company,,13/01/2022,49320,43 Danesfield Close Walton-On-Thames KT12 3BP
PHANTOM CLOUDS LTD,NI684982,Active,Private limited company,,13/01/2022,90030,43 Croft Hill Belfast BT8 6GX
QUEENSGATE BALLYMONEY LIMITED,NI684961,Active,Private limited company,,13/01/2022,98000,42a-44a New Row Coleraine BT52 1AF
TRINITY NURSING CARE LTD,13846714,Active,Private limited company,,13/01/2022,87100,42 Walkern Road Stevenage SG1 3RA
EASY WAY 2 CARE CONSULTANCY LIMITED,13846819,Active,Private limited company,,13/01/2022,86900,419 Grasmere Avenue Warrington WA2 0LA
CLICKTAX LONDON LTD,13845693,Active,Private limited company,,13/01/2022,69201,41 High Street Royston SG8 9AW
JP INSTALLATIONS LTD,13847373,Active,Private limited company,,13/01/2022,43320,41 Chestnut Avenue West Cross Swansea SA3 5NL
BRANDOCH DEVELOPMENTS LTD,SC719687,Active,Private limited company,,13/01/2022,41100,40b Melfort Avenue Clydebank G81 2HS
MARCHANT’S MAINTENANCE SERVICE LTD,13847132,Active,Private limited company,,13/01/2022,43999,4 Woodhays Basildon SS13 2RB
VINCENT & MORGAN LTD,13846920,Active,Private limited company,,13/01/2022,68209,4 St. Marys Mews 3 West Street Exeter EX1 1BB
E&A CAPITAL LIMITED,13847163,Active,Private limited company,,13/01/2022,68100,4 Rectory Lane Birmingham B36 9DH
EZEE RECRUITMENT LTD,13846441,Active,Private limited company,,13/01/2022,78200,4 Nutter Lane Wanstead E11 2HY
HULL-CARTER ESTATES LTD,13845748,Active,Private limited company,,13/01/2022,68310,4 Mount Pleasant Milford DE56 0QF
GLOBAL BUSINESS MERCHANTS LTD,13846211,Active,Private limited company,,13/01/2022,43290 82301,4 Lytton Road New Barnet Barnet EN5 5BY
DRISCOLL FITNESS LIMITED,13846067,Active,Private limited company,,13/01/2022,93130,4 Honister Avenue Orford Warrington WA2 9NG
NVT GROUP HOLDINGS LIMITED,SC719702,Active,Private limited company,,13/01/2022,62090,4 Earn Avenue Righead Industrial Estate Bellshill ML4 3LW
BALLYMAC STABLES LIMITED,NI684973,Active,Private limited company,,13/01/2022,1430,4 Ballymacanallen Road Gilford Craigavon BT63 6AD
ROMILEY LTD,13845940,Active,Private limited company,,13/01/2022,43390,4 Addingford Close Horbury Wakefield WF4 5BQ
GYLT FREE LTD,13847435,Active,Private limited company,,13/01/2022,82990,3rd Floor 86-90 Paul Street London EC2A 4NE
REDEFINED WORKFORCE LTD,13845778,Active,Private limited company,,13/01/2022,62012,3a Aberford Road Barwick In Elmet Leeds LS15 4EA
WHITECITY CARE 1 LTD,13847503,Active,Private limited company,,13/01/2022,87100 87300,39-43 Bridge Street Swinton Mexborough S64 8AP
MAXPEARS LIMITED,13845954,Active,Private limited company,,13/01/2022,87200 87300,39 Overbury Road Birmingham B31 2HF
TEONA HOMES LTD,13847494,Active,Private limited company,,13/01/2022,98000,38 Rosebery Avenue Gloucester GL1 5EJ
IMI RESTAURANT AND BAR LTD,13846685,Active,Private limited company,,13/01/2022,56101,37a Curzon Street London W1J 7TX
FIN FOOTWEAR LTD,13847039,Active,Private limited company,,13/01/2022,47710,37 Sandiway Avenue Widnes WA8 8LE
SAIRAMA LIMITED,13846726,Active,Private limited company,,13/01/2022,68100 68209 98000,36 Hillcroft Road Altrincham WA14 4JE
AFDF GLOBAL SERVICES LIMITED,13846056,Active,Private limited company,,13/01/2022,62020,"358 Kempshott Lane Basingstoke, Hampshire RG22 5LX"
ELEVATION HOMES CIC,13845922,Active,Private limited by guarantee without share capital,,13/01/2022,68201,35 Wyndham Avenue Liverpool L14 6TD
BITFLIP SOLUTIONS LIMITED,13847515,Active,Private limited company,,13/01/2022,62012 62020 71122,35 Whitley Mead Stoke Gifford Bristol BS34 8XT
ALL FRESH INTERNATIONAL LTD,13846309,Active,Private limited company,,13/01/2022,46310,35 Portland Crescent Greenford UB6 9EU
HEWITT PROPERTY INVESTMENTS LTD,13847496,Active,Private limited company,,13/01/2022,68100 68209,35 Mendip Drive Redcar TS10 4HE
K8 VOGUE LTD,13847462,Active,Private limited company,,13/01/2022,74909,34 School Road Dagenham RM10 9QJ
LEDIAKA SOLUTIONS LTD,13846261,Active,Private limited company,,13/01/2022,82990,34 Lodge Road Aston Birmingham B6 6LU
APENADO SOLUTIONS LTD,13845974,Active,Private limited company,,13/01/2022,82990,34 Lodge Road Aston Birmingham B6 6LU
PERATOK SOLUTIONS LTD,13847038,Active,Private limited company,,13/01/2022,82990,34 Lodge Road Aston Birmingham B6 6LU
THE TALENT COLLABORATORY LTD,13846572,Active,Private limited company,,13/01/2022,70229 82990,337 Forest Road London E175JR
T4YLORS LTD,13846809,Active,Private limited company,,13/01/2022,52290,33 Romford Road Pembury Tunbridge Wells TN2 4JB
CLEARANCE 4 ALL LTD,13846846,Active,Private limited company,,13/01/2022,47990,33 Chellow Grange Road Bradford BD9 6NL
SOUND STORIES CIC,13845956,Active,Private limited by guarantee without share capital,,13/01/2022,85520 85600,32 The Norton Tenby SA70 8AB
GODFREY GARAGE (HOLBEACH) LTD,13846331,Active,Private limited company,,13/01/2022,45200,32 The Crescent Spalding PE11 1AF
NEW VIEW PROPERTY CARE LTD,13846747,Active,Private limited company,,13/01/2022,41202,32 The Crescent Spalding PE11 1AF
SAY IT WITH YOUR CHEST ARTS CIC,13846533,Active,Private limited by guarantee without share capital,,13/01/2022,90010 90020 90030,32 Oak Tree Crescent Leeds LS9 6SE
DART HOLIDAYS LTD,13846857,Active,Private limited company,,13/01/2022,55209,32 Norton Park Norton Dartmouth TQ6 0HN
VORTX TECHNOLOGIES LTD,13846927,Active,Private limited company,,13/01/2022,30300 62012 71121,32 Brecon Street Cardiff CF5 1RE
REAL ESTATE EXPERIENCE LONDON LLP,OC440638,Active,Limited liability partnership,,13/01/2022, ,315 Chester House 1-3 Brixton Road London SW9 6DE
THE PLAYROOM HEALTH & FITNESS LIMITED,13845849,Active,Private limited company,,13/01/2022,56290 96040,31 Wilmslow Road Cheadle SK8 1DR
DREAM HOME VENTURES LTD,13847568,Active,Private limited company,,13/01/2022,41100 68100,31 Heatherway Sale M33 5JZ
EMMANU'-EL APOSTOLIC PUBLISHERS LIMITED,13846599,Active,Private limited company,,13/01/2022,58190,305-307 Saffron Lane Leicester LE2 6UE
CITI ELECTRICIANS LTD,13847456,Active,Private limited company,,13/01/2022,43210,30 Stock Street London E13 0BY
AKTIVE FIRE DESIGN LIMITED,13846176,Active,Private limited company,,13/01/2022,71121,30 St. James Road Crigglestone Wakefield WF4 3FR
SALVATORE SUPPLEMENTS LIMITED,13846815,Active,Private limited company,,13/01/2022,10890,30 Queen Street Barkby Thorpe Barkby LE7 3QH
GOMAINFREE LTD,13846856,Active,Private limited company,,13/01/2022,62020 62090,3 Hayward Close Clevedon BS21 5ER
NEOS MULTIDROP LIMITED,13846598,Active,Private limited company,,13/01/2022,29320,3 Chester Gates Dunkirk Chester CH1 6LT
ERKAN LTD,13845650,Active,Private limited company,,13/01/2022,56103,3 Chapel Street Flamborough Bridlington YO15 1LH
MWDN22 LIMITED,13846988,Active,Private limited company,,13/01/2022,35110,3 Castlegate Grantham NG31 6SF
SERENDIPITY LEARNING LTD,13846577,Active,Private limited company,,13/01/2022,85590,2nd Floor The Fragrance House Haydon Wells BA5 3FF
SIMON GREGORY LTD,13846534,Active,Private limited company,,13/01/2022,26400,2g Rectory Road Crumlin Newport NP11 5EB
RÉNAO RECORDS LTD,13846677,Active,Private limited company,,13/01/2022,96090,2a Connaught Avenue Chingford London E4 7AA
YIWU HAO DUO MI INTERNATIONAL TRADE CO. LTD,13846951,Active,Private limited company,,13/01/2022,99999,291 Brighton Road South Croydon CR2 6EQ
AZEENA TRADING LIMITED,13845983,Active,Private limited company,,13/01/2022,96020,29 Oakfield Road Wollescote Stourbridge DY9 9DL
CONTRAST I.T. LIMITED,13846245,Active,Private limited company,,13/01/2022,62020,29 Glebe Court Rothwell Leeds LS26 0WR
ADOLPHUS PROPERTY LIMITED,13846704,Active,Private limited company,,13/01/2022,98000,288 Church Street Blackpool FY1 3QA
LIPBLUSHLDN LTD,13847058,Active,Private limited company,,13/01/2022,96020,287 Hertford Road Edmonton N9 7ES
PURPLE GRAND HOLDINGS LTD,13846080,Active,Private limited company,,13/01/2022,64209,286b Chase Road London N14 6HF
KATCO MEDIA LTD,13847049,Active,Private limited company,,13/01/2022,59112 59113 59132 73120,286 Lansbury Drive Hayes UB4 8SN
DARCY’S FASHION HOUSE LIMITED,13846965,Active,Private limited company,,13/01/2022,46160,28 Perkins Close Greenhithe DA9 9QF
PRINCIPAL BUSINESS SERVICES LTD,13847369,Active,Private limited company,,13/01/2022,70229,28 Mill Road Southampton SO15 4JA
TIE DYE HOODIE LTD,13845620,Active,Private limited company,,13/01/2022,47190,28 Llewellin Road Kington HR5 3AB
PLANET RECYCLING LTD,13846566,Active,Private limited company,,13/01/2022,46770,28 Grove Road Turvey Bedford MK43 8EA
FORZA BOOST LTD,13846215,Active,Private limited company,,13/01/2022,74100,275 New North Road London N1 7AA
WU 28 CHINESE LTD,13846313,Active,Private limited company,,13/01/2022,56103,27-28 Wharf Road Grantham NG31 6BG
CLEAR SKIN CLINICS & AESTHETICS LTD,13845601,Active,Private limited company,,13/01/2022,47750 85590 86900 96020,27 Winwick Park Winwick Warrington WA2 8XP
COMMERCIAL PLUMBING SOLUTIONS LIMITED,13845973,Active,Private limited company,,13/01/2022,43220,27 Willins Coed Eva Cwmbran NP44 4TH
ORCHID NAILS LIMITED,NI684958,Active,Private limited company,,13/01/2022,96020,27 Townhall Enniskillen BT74 7BD
UNDISPUTED PROMOTIONS LIMITED,13847306,Active,Private limited company,,13/01/2022,93199,27 St. Cuthberts Street Bedford MK40 3JG
TOUCHDOWN HOUSE LTD,13847293,Active,Private limited by guarantee without share capital,,13/01/2022,93290,27 Rigley Potts Park Wigan WN2 4UN
BLONDIE VENTURES LLP,OC440627,Active,Limited liability partnership,,13/01/2022, ,27 Mortimer Street London W1T 3BL
CUSTOM FURNITURE GUYS LTD,13847044,Active,Private limited company,,13/01/2022,95240,27 Holland Road Clacton-On-Sea CO16 9RT
HUESDA LTD,13845923,Active,Private limited company,,13/01/2022,68320,26b Bradford Road Guiseley Leeds LS20 8NH
DRAGONFLY EUROPE LIMITED,13845627,Active,Private limited company,,13/01/2022,70229,269 Farnborough Road Farnborough GU14 7LY
PANDA GARDEN DONCASTER LTD,13845788,Active,Private limited company,,13/01/2022,56103,264 Great North Road Woodlands Doncaster DN6 7HP
SHAHID FASHION TRADERS LTD,13847121,Active,Private limited company,,13/01/2022,47990,26 Manchester Road Nelson BB9 7EG
THE PRU TWF LTD,13845955,Active,Private limited company,,13/01/2022,96090,25 Irwell Estate Neptune Street London SE16 7JR
UNBREAKABLE MINDSET LTD,SC719747,Active,Private limited company,,13/01/2022,70229,24 West Path Carnoustie DD7 7BY
KLASHED AESTHETICS LIMITED,13845936,Active,Private limited company,,13/01/2022,96020 96090,24 Station Road Chingford London E4 7BE
REWIND DETAILING LTD,SC719700,Active,Private limited company,,13/01/2022,45200,2-4 Salamander Place Edinburgh EH6 7JB
BOYZ & BOIS LIMITED,13847123,Active,Private limited company,,13/01/2022,74990,24 Geoffrey Basement Flat London SE4 1NT
PAUL CROWDY PARTNERSHIP 2 LIMITED,13846167,Active,Private limited company,,13/01/2022,69201,"24 Apex Court,  Woodlands Bradley Stoke Bristol BS32 4JT"
MANDEEQ LIMITED,13846728,Active,Private limited company,,13/01/2022,49410,23-27 King Street Luton LU1 2DW
SONIC GUN MANAGEMENT LIMITED,13846311,Active,Private limited company,,13/01/2022,90020,23 The Birches Bramhope Leeds LS16 9DP
ELITE LUXURY HOLDING LIMITED,13846806,Active,Private limited company,,13/01/2022,66220,23 Queen Alexandra Road High Wycombe HP11 2HJ
SATVIK FOOD LTD,13846861,Active,Private limited company,,13/01/2022,56290,23 Poolsford Road Colindale NW9 6HP
BORN AGAIN PRODUCTIONS PVT LTD,13846338,Active,Private limited company,,13/01/2022,59120,23 Montague Road Uxbridge UB8 1QL
SG HORTICULTURAL LTD,13847110,Active,Private limited company,,13/01/2022,46610,23 Danes Close Arnold Nottingham NG5 8NU
SURREY WELLNESS LTD,13846181,Active,Private limited company,,13/01/2022,96040,23 Chiltern Drive Surbiton KT5 8LP
SCIENCE SCRIPT LTD,13846048,Active,Private limited company,,13/01/2022,74909,22b Crown Road Twickenham TW1 3EE
VKP CLOTHING LIMITED,13846688,Active,Private limited company,,13/01/2022,47510,223a High Street North London E6 1JG
M&K BLOODSTOCK LIMITED,13847339,Active,Private limited company,,13/01/2022,1430,22 St. Davids Close Farnborough GU14 9AQ
ALUXEPRINTS LTD,13846909,Active,Private limited company,,13/01/2022,18129,22 South Street Peterborough PE1 5AJ
ATELIER BROWN LTD,13845782,Active,Private limited company,,13/01/2022,71111,22 North End Higham Ferrers Rushden NN10 8JB
CEDAR BLOOMS LIMITED,13847032,Active,Private limited company,,13/01/2022,68100 68201 68209 68320,22 Mulberry Road Ashford TN23 3QF
HOGANGROUPPROPERTYHOLDINGS LIMITED,13845882,Active,Private limited company,,13/01/2022,77400,22 Carr Brook Drive Atherton Manchester M46 9HT
CAMERON EVENT CONSULTANCY LTD,SC719740,Active,Private limited company,,13/01/2022,82990,22 Backbrae Street Kilsyth Glasgow G65 0NH
UMS INVESTMENT LTD,13845750,Active,Private limited company,,13/01/2022,68209,216 Stoke Newington High Street London N16 7DJ
CR PREMIUM VALETING SERVICE LTD,13846762,Active,Private limited company,,13/01/2022,81299,212 Dunstall Road Wolverhampton WV6 0NX
SHI GOLDEN CHINA LTD,13846183,Active,Private limited company,,13/01/2022,56103,204 Keyham Road Plymouth PL2 1RD
TRIANGLE PARTNERS LIMITED,13846110,Active,Private limited company,,13/01/2022,64209,20-22 Wenlock Road London N1 7GU
BLUE TIGER INTERNATIONAL LTD,13846731,Active,Private limited company,,13/01/2022,47910,20-22 Wenlock Road London N1 7GU
ASIA EXPERIENCED LTD,13847433,Active,Private limited company,,13/01/2022,73110,20-22 Wenlock Road London N1 7GU
INTERNATIONAL CONGRESS FOR HEALTH SPECIALTIES LTD,13846285,Active,Private limited company,,13/01/2022,99999,20-22 Wenlock Road London N1 7GU
ANGELIS LTD,13846277,Active,Private limited company,,13/01/2022,96020,20-22 Wenlock Road London N1 7GU
BURGER BOXXX LTD,13846873,Active,Private limited company,,13/01/2022,56103,20-22 Wenlock Road London N1 7GU
PREMIUM SPIRITS GROUP LTD,13847582,Active,Private limited company,,13/01/2022,11010 46342,20-22 Wenlock Road London N1 7GU
HASSAN HUSSEIN LTD,13847579,Active,Private limited company,,13/01/2022,47910 68320 98000,20-22 Wenlock Road London N1 7GU
M CORPORATION LTD,13846193,Active,Private limited company,,13/01/2022,70229,20-22 Wenlock Road London N1 7GU
MYL HOLDING LTD,13846196,Active,Private limited company,,13/01/2022,64209,20-22 Wenlock Road London N1 7GU
STOCKLOT SOLUTIONS LTD,13847504,Active,Private limited company,,13/01/2022,46160 46410 46420 47510,20-22 Wenlock Road London N1 7GU
LIFE FUNNY COOL ELECTRONIC COMMERCE LTD,13845860,Active,Private limited company,,13/01/2022,1110,20-22 Wenlock Road London N1 7GU
FYLA SERVICES LTD,13846081,Active,Private limited company,,13/01/2022,41201 41202 43390,20-22 Wenlock Road London N1 7GU
PJARCHITECTURE LTD,13846396,Active,Private limited company,,13/01/2022,71111,20-22 Wenlock Road London N1 7GU
BOSS MAN BARBERS LTD,13845704,Active,Private limited company,,13/01/2022,96020,20-22 Wenlock Road London N1 7GU
BLUEMOONSHOP21 LTD,13846727,Active,Private limited company,,13/01/2022,47910,20 Takely End Basildon SS16 5AZ
POSH CHOCOLATES LTD,13845690,Active,Private limited company,,13/01/2022,90030,20 Ransom Road Coventry CV6 5LE
RADU SECURITY LTD,13847053,Active,Private limited company,,13/01/2022,80100,20 Cedar Road Northampton NN1 4RN
ZL SERVICES LTD,13845798,Active,Private limited company,,13/01/2022,47730,2 York Street Levenshulme Manchester M19 3YS
MOTIVATION EXPRESS LTD,13845747,Active,Private limited company,,13/01/2022,46310,2 Westbourne Road Bedford MK40 4LB
BIANKA K LIMITED,13846964,Active,Private limited company,,13/01/2022,81210,2 Stockwell Mews London SW9 9GX
COFFEE LEONATI LTD,13846860,Active,Private limited company,,13/01/2022,56102,2 New Barn Farm Cottages Hooe Battle TN33 9HQ
GWEX LIMITED,13846542,Active,Private limited company,,13/01/2022,56103,2 Isleworth Road Exeter EX4 1QU
FOX HGV LTD,13846855,Active,Private limited company,,13/01/2022,52219,2 Hazelwood Road Corby NN17 1HS
PROPERTY4FAMILY LTD,13847348,Active,Private limited company,,13/01/2022,68209,2 Grosvenor Street Scunthorpe DN15 6BE
ELSHOPPING LTD,13845985,Active,Private limited company,,13/01/2022,47910,2 Frederick Street Kings Cross London WC1X 0ND
ATTILA CLEANING SERVICES LIMITED,13846792,Active,Private limited company,,13/01/2022,81299,2 Flaxland Rothley Leicester LE7 7RJ
SURREY SERVICES LTD,13847299,Active,Private limited company,,13/01/2022,49320 80100,2 East Hill Woking GU22 8DN
BENJI'S BOUTIQUE LTD,13847310,Active,Private limited company,,13/01/2022,47910,1a Castle Road Torquay TQ1 3BB
OLYMPUS SCAFFOLD LTD,13846573,Active,Private limited company,,13/01/2022,43991,194 White Lane Sheffield S12 3GL
AYTAIS LTD,13846910,Active,Private limited company,,13/01/2022,56101,194 Hayward Gardens London SW15 3BU
SUNDER BEAUTY SALON LTD,13847405,Active,Private limited company,,13/01/2022,96020,19 Stanley Drive Leicester LE5 1EB
SMC PROPERTIES(NE) LTD,13846157,Active,Private limited company,,13/01/2022,68100,19 Portchester Close Ingleby Barwick Stockton-On-Tees TS17 5LQ
SA SPORTS AND FITNESS LTD,13846960,Active,Private limited company,,13/01/2022,93120 93199,188 Edward Road Balsall Heath Birmingham B12 9LX
NOAKES INCORPORATING LTD,13846908,Active,Private limited company,,13/01/2022,41100 41202 43210,182 Goddington Lane Orpington BR6 9DH
GORDIANLOVE LTD,13845607,Active,Private limited company,,13/01/2022,47789,182 Beamhill Road Anslow Burton-On-Trent DE13 9QW
CÚLHOONCLOTHING LTD,NI684972,Active,Private limited company,,13/01/2022,47710,18 Seein Park Strabane BT82 9JB
TV & FILM FACILITIES LTD,13847422,Active,Private limited company,,13/01/2022,81100,178 King Street Dukinfield SK16 4TY
MICHAEL KIRKHAM ILLUSTRATION LTD,SC719656,Active,Private limited company,,13/01/2022,90030,17-21 East Mayfield Edinburgh EH9 1SE
SYED MUHAMMAD GHOUS SHAH LTD,13847072,Active,Private limited company,,13/01/2022,47990,17 Manship Road Mitcham CR4 2AY
YOUVOUCH LTD,13846696,Active,Private limited company,,13/01/2022,58290 62012 63110 63120,17 Kings Drive Edgware HA8 8ED
DNA RECRUITMENT SOLUTIONS LIMITED,13847408,Active,Private limited company,,13/01/2022,78200,16a Market Avenue Huddersfield HD1 2BB
360 TC LTD,13846915,Active,Private limited company,,13/01/2022,46190 47910,167 Uxbridge Road London W7 3TH
Y RETAIL LIMITED,13845969,Active,Private limited company,,13/01/2022,43320,167 Bellemoor Road Southampton SO15 7QZ
ALRY PREFAB LTD,13847463,Active,Private limited company,,13/01/2022,26110,162-164 High Street Rayleigh United Kingdom SS6 7BS
DUNEDIN COMPLEX CARE LIMITED,13847329,Active,Private limited company,,13/01/2022,86102,16 Winslow Road Great Horwood MK17 0QN
AVIEMOREDELIVERY LTD,SC719734,Active,Private limited company,,13/01/2022,56290,16 Drummond Road Aviemore PH22 1UG
AKAS COMPANIES LTD,13846818,Active,Private limited company,,13/01/2022,64204,16 Dolphin Street Manchester M12 6BG
SARS SPA LTD,13847035,Active,Private limited company,,13/01/2022,93130,16 Dolphin Street Manchester M12 6BG
SIMTINASHE MAHUNI LTD,13846301,Active,Private limited company,,13/01/2022,86900,154 Beambridge Basildon SS13 3NE
IMF&H LTD,13846720,Active,Private limited company,,13/01/2022,43390 68209,15 Wood Lane Castleford WF10 5PQ
TAHONA PROJECTS LTD,13846575,Active,Private limited company,,13/01/2022,56101,15 Richmond Street Wallasey CH45 2LE
ZEMPT HOMES LIMITED,13847356,Active,Private limited company,,13/01/2022,68100 68209 68320,15 Bank Avenue Dunstable LU6 1FR
ZAGGER CAPITAL LTD,NI684968,Active,Private limited company,,13/01/2022,66120,146 High Street Holywood BT18 9HS
GOLDEN GREEN CARE LIMITED,13847523,Active,Private limited company,,13/01/2022,78200 84120,14 Woolpack Green Salford M6 7AY
WAW FISHING LTD,SC719672,Active,Private limited company,,13/01/2022,3110,14 Melrose Crescent Macduff AB44 1QX
NATIONWIDE TALENT SOLUTIONS GROUP LTD,13846733,Active,Private limited company,,13/01/2022,70229 78300,14 Bracken Close Borehamwood WD6 5JX
PLAQUE AWARDS LTD,13847518,Active,Private limited company,,13/01/2022,32990,138 South Street 1-2 Floors Romford RM1 1TE
QUAYECARE24/7 LTD,13847325,Active,Private limited company,,13/01/2022,78109 78200,133 The Hide Netherfield Milton Keynes Buckinghamshire MK6 4HR
CLAIMS CONSULTANTS (UK) LIMITED,13847430,Active,Private limited company,,13/01/2022,99999,133 Station Road Sidcup DA15 7AA
KIAN SHAYLA LTD,13845950,Active,Private limited company,,13/01/2022,56102,131 Church Road Willesborough Kent TN24 0JQ
SEIF FINANCIAL (UK) LIMITED,13845991,Active,Private limited company,,13/01/2022,64999,130 Shaftesbury Avenue 2nd Floor London W1D 5EU
SP SSAS INVESTMENTS LIMITED,13845775,Active,Private limited company,,13/01/2022,68209,13 Coedcelyn Road Sketty Swansea SA2 8DS
RAY’S DRINKS STOP (COLESHILL) LIMITED,13846414,Active,Private limited company,,13/01/2022,47110,"1-3 Bridge View, High Street Birmingham B46 1BE"
PICKLED PIG 268 LTD,13846518,Active,Private limited company,,13/01/2022,55900 56290 56301 56302,129 Chepstow Road Newport NP19 8EG
BEERA COLLECTION LTD,13847103,Active,Private limited company,,13/01/2022,47710,125 Coalshaw Green Road Chadderton Oldham OL9 8JR
KALOISE SERVICES LTD,13846320,Active,Private limited company,,13/01/2022,82990,123 St. Marks Road Enfield EN1 1BJ
PARAFTA SERVICES LTD,13845961,Active,Private limited company,,13/01/2022,82990,123 St. Marks Road Enfield EN1 1BJ
LALMETO SERVICES LTD,13845942,Active,Private limited company,,13/01/2022,82990,123 St. Marks Road Enfield EN1 1BJ
GEPESE SERVICES LTD,13846064,Active,Private limited company,,13/01/2022,82990,123 St. Marks Road Enfield EN1 1BJ
BEV'S BISTRO LIMITED,SC719750,Active,Private limited company,,13/01/2022,56102,123 Holburn Street Aberdeen AB10 6BP
NORTH EAST ROLLER DOORS LTD,SC719666,Active,Private limited company,,13/01/2022,43999,12 Traill Drive Montrose DD10 8SW
RY PARMAR LTD,13845963,Active,Private limited company,,13/01/2022,43390,12 Rubery Field Close Rednal Birmingham B45 9WD
GEOMARISH BUSINESS GROUP UK LTD,13847587,Active,Private limited company,,13/01/2022,01500 82110,12 Dorney Place Dartford DA1 5RT
AVOCET PROPERTIES (SW) LTD,13846170,Active,Private limited company,,13/01/2022,41100,12 Colebrook Road Plympton Plymouth PL7 4AA
KINDOM SUPPORT SERVICES LTD,13847135,Active,Private limited company,,13/01/2022,80100,"1191a High Road Chadwellheath, Romford Essex, London RM6 4AL"
YBJ LTD,SC719743,Active,Private limited company,,13/01/2022,47110 47210 47290,1190 Argyle Street Glasgow G3 8TE
DUSKI LTD,13845766,Active,Private limited company,,13/01/2022,56101,117 London Road Portsmouth PO2 0BN
HEART OF FULHAM LTD,13846845,Active,Private limited company,,13/01/2022,68100 68209 68320,117 Jersey Road Isleworth TW7 4QR
CENTRAL ARCHITECTURE LTD,13845990,Active,Private limited company,,13/01/2022,71111,117 Dartford Road Dartford DA1 3EN
ROGAN EST LTD,NI684976,Active,Private limited company,,13/01/2022,45112 45190 49410 96090,116 Movilla Road Newtownards BT23 8RJ
DAZFAD LIMITED,13846866,Active,Private limited company,,13/01/2022,56210 80200 81299,114 Lower Barn Road Purley CR8 1HR
GROWTH INVESTING LIMITED,13846847,Active,Private limited company,,13/01/2022,64209,113b Church Road Formby Liverpool L37 3ND
ABIJOY LOCUMS LIMITED,13847418,Active,Private limited company,,13/01/2022,86900,112 Moss Lane Sandbach CW11 3JX
PARMENO LTD,13847570,Active,Private limited company,,13/01/2022,46900 47910,110 Empress Road Derby DE23 6TE
CONNECT XP LIMITED,13845723,Active,Private limited company,,13/01/2022,62020 70229,110 Butterfield Great Marlings Luton LU2 8DL
V J O’CALLAGHAN LIMITED,13847308,Active,Private limited company,,13/01/2022,56302,11 Melody Avenue Anstey Leicester LE7 7EX
MACPHARMA LIMITED,SC719735,Active,Private limited company,,13/01/2022,96090,11 Lodge View Hopeman Elgin IV30 5TS
AMPHIBIOUS VEHICLE DEVELOPMENTS LTD,13847531,Active,Private limited company,,13/01/2022,74100,11 Hinton View Sturminster Newton DT10 1ES
QUORN THAI RISE LTD,13846040,Active,Private limited company,,13/01/2022,56101,10a Leicester Road Loughborough Quorn LE12 8ET
Z S A SERVICES LTD,13847594,Active,Private limited company,,13/01/2022,82990,109 Liverpool Road Eccles Manchester M30 0ND
SPIXWORTH FISH BAR LTD,13846437,Active,Private limited company,,13/01/2022,56103 56290,102 Crostwick Lane Spixworth Norwich NR10 3NQ
SFK1916 LIMITED,SC719753,Active,Private limited company,,13/01/2022,68209,10 Polwarth Terrace Edinburgh EH11 1ND
VG TAXIS LTD,13846756,Active,Private limited company,,13/01/2022,49320,10 Netherhall Road Leicester LE5 1DJ
NET SPECTRUM MARKETING LIMITED,13845929,Active,Private limited company,,13/01/2022,62012,10 Gravel Lane London E1 7AW
LAURA FERGUSON HR CONSULTING LTD,SC719671,Active,Private limited company,,13/01/2022,74909,10 Clarinda Place Larbert FK5 4FG
TIDDLYWINKS COTTAGE LTD,13846290,Active,Private limited company,,13/01/2022,55209,10 Cheyne Walk Northampton NN1 5PT
B & A FOODS LIMITED,13846118,Active,Private limited company,,13/01/2022,56290,10 Allerton Grange Close Bradford BD15 7LG
JOCKS GRILL HOUSE LTD,SC719683,Active,Private limited company,,13/01/2022,56102,1 Victoria Road Kirkcaldy KY1 1DT
SIMONACO LTD,13846522,Active,Private limited company,,13/01/2022,49410,"1 Thornton Villas Hampton Lane Hampton Lane Hanworth, Feltham United Kingdom TW13 6NP"
HEART SQUID FILMS LIMITED,13846321,Active,Private limited company,,13/01/2022,74203,1 Springfield Park North Parade Horsham RH12 2BF
CB HOMES DEV 13 GREEN LANE LAND LIMITED,13846570,Active,Private limited company,,13/01/2022,41100,1 Park Row Leeds LS1 5HN
THE PAGAN GROUP LTD,13846676,Active,Private limited company,,13/01/2022,74202,1 Edinburgh Close Barnham Thetford IP24 2NT
PROTOFINISH LTD,13846919,Active,Private limited company,,13/01/2022,29100,1 Deveron Drive Lubbesthorpe Leicester LE19 4LQ
MISTY VALE LIMITED,13846288,Active,Private limited company,,13/01/2022,47910,1 Crescent Cottages Pound Crescent Fetcham Leatherhead KT22 9JA
LOTTIE KNIGHT LIMITED,13846158,Active,Private limited company,,13/01/2022,47910,1 Crescent Cottages Pound Crescent Fetcham Leatherhead KT22 9JA
